,Date,Returns,Factor1,Factor2,Neutralized Returns,Volatility Targeted Returns,Portfolio Value
0,2020-01-01,0.004967141530112327,0.9261775475316414,1.3993554365860021,0.011738348125905306,0.0,100000.0
1,2020-01-02,-0.0013826430117118466,1.9094166404701305,0.9246336829127688,0.007799080871470073,0.0,100000.0
2,2020-01-03,0.006476885381006925,-1.3985675738191412,0.05963036992017413,0.00521456112925536,0.0,100000.0
3,2020-01-04,0.015230298564080253,0.5629692366905709,-0.6469367777055739,0.01900488479322489,0.0,100000.0
4,2020-01-05,-0.0023415337472333596,-0.6506425691218269,0.6982233136135899,-0.0008225001180714323,0.0,100000.0
5,2020-01-06,-0.0023413695694918055,-0.48712538376469605,0.3934853854217496,-0.0006355091119202728,0.0,100000.0
6,2020-01-07,0.015792128155073915,-0.5923939242388692,0.8951932200277323,0.017667357798737727,0.0,100000.0
7,2020-01-08,0.007674347291529088,-0.863990769679816,0.6351718016819695,0.008512907142258932,0.0,100000.0
8,2020-01-09,-0.004694743859349521,0.04852162794482699,1.0495527153193351,-0.0008085454431033274,0.0,100000.0
9,2020-01-10,0.005425600435859646,-0.8309501164110378,-0.535235211560568,0.005250715470110788,0.0,100000.0
10,2020-01-11,-0.0046341769281246226,0.2704568257798388,1.3173940656343257,0.0001516227908071599,0.0,100000.0
11,2020-01-12,-0.004657297535702569,-0.05023810944913695,0.19759960469239965,-0.0018660932125683246,0.0,100000.0
12,2020-01-13,0.002419622715660341,-0.23894804686640975,2.0752608726252655,0.006441871216777967,0.0,100000.0
13,2020-01-14,-0.01913280244657798,-0.9075636620415979,-0.6891878180895679,-0.019676531601411,0.0,100000.0
14,2020-01-15,-0.01724917832513033,-0.5767713305683327,1.7359638031652493,-0.014531428968052127,0.0,100000.0
15,2020-01-16,-0.005622875292409727,0.755391225825756,0.1979107834626478,-0.0004875371015067064,0.0,100000.0
16,2020-01-17,-0.010128311203344238,0.5009171876243808,-0.6514180036144483,-0.0065385029497656835,0.0,100000.0
17,2020-01-18,0.0031424733259527386,-0.977555244798551,-0.48388583405432156,0.0025897464664591803,0.0,100000.0
18,2020-01-19,-0.00908024075521211,0.09933230542922587,-0.32034730819432017,-0.006344911989404932,0.0,100000.0
19,2020-01-20,-0.014123037013352914,0.751387123371789,0.4241659464019164,-0.008784853333162377,0.0,100000.0
20,2020-01-21,0.01465648768921554,-1.6694052811213718,0.5228354880354996,0.013045336442254262,0.02926660000883637,102926.66000088364
21,2020-01-22,-0.0022577630048653567,0.543360192379935,-0.573700003938579,0.0015292041369611817,-0.004548861707042685,102471.77383017936
22,2020-01-23,0.0006752820468792384,-0.6626237589458467,-0.02435459226098284,0.0014744391803816377,0.0013592933934264036,102607.703169522
23,2020-01-24,-0.014247481862134568,0.5705986685931593,2.1422703586118637,-0.007806471133784986,-0.02803549212864067,99804.15395665793
24,2020-01-25,-0.005443827245251827,-0.7632591565425169,1.7275431701007113,-0.003276614823043061,-0.01162665753311215,98641.48820334673
25,2020-01-26,0.001109225897098661,-1.804882100664519,0.4363236696740321,-0.0009780867192852214,0.00235768010133473,98877.2562134802
26,2020-01-27,-0.011509935774223028,-1.6275424378831627,0.03800347816820029,-0.013458925446922508,-0.02400646031185057,96476.61018229515
27,2020-01-28,0.0037569801834567195,0.048084946661381994,0.1200313267182613,0.006760702004507029,0.008634967195694902,97340.10690186464
28,2020-01-29,-0.006006386899188049,0.25972250172148187,0.6135179727304166,-0.0019191064176797869,-0.014496677054294638,95890.43919643517
29,2020-01-30,-0.0029169374979327676,-0.9043166251044086,-1.0227925651984056,-0.003767484393505919,-0.007032880463966135,95187.15115003855
30,2020-01-31,-0.006017066122293969,0.6385924587773739,-0.2573765374233451,-0.0016531558053359359,-0.015088154809841917,93678.33566905437
31,2020-02-01,0.01852278184508938,-1.6615200622689599,-1.6685840738775894,0.014857058684628496,0.03899591710733795,97577.92737978815
32,2020-02-02,-0.0001349722473793392,-0.06607979864731657,0.39922312260527926,0.0028012868328843306,-0.0002830934051713721,97549.61803927102
33,2020-02-03,-0.010577109289559003,-1.2110161997624567,0.647195939702741,-0.01073676061734704,-0.022187901588037247,95330.82788046729
34,2020-02-04,0.00822544912103189,-0.6518361078021592,-0.483186462299374,0.008621008633857704,0.017712827213935318,97102.11060186083
35,2020-02-05,-0.012208436499710222,0.047398671316414016,1.5739867632900328,-0.00782833044279417,-0.027241141745689722,94377.99642729186
36,2020-02-06,0.0020886359500475542,-0.8604133652839524,-1.2257656630023412,0.0011733951409136005,0.004640113947012118,94842.00782199307
37,2020-02-07,-0.019596701238797757,-0.38455554422982535,-1.4643748802098202,-0.019353722864778527,-0.04074290750805262,90767.7170711878
38,2020-02-08,-0.013281860488984306,1.0062928092144405,0.22445181855997204,-0.0073914061761714955,-0.02719972404786943,88047.74466640086
39,2020-02-09,0.0019686123586912354,-0.5768918695231487,1.0470983026121545,0.004032951808219213,0.004033527871134689,88451.09745351433
40,2020-02-10,0.007384665799954104,0.8356921120651418,1.6839276914578687,0.012012086349084853,0.0,88451.09745351433
41,2020-02-11,0.001713682811899705,-1.129706854657618,-0.45888426286894,8.245882317721074e-05,0.0,88451.09745351433
42,2020-02-12,-0.0011564828238824054,0.5298041779152828,1.0786808334312956,0.0018366309721818352,0.0,88451.09745351433
43,2020-02-13,-0.0030110369558928878,1.4415686206579004,-0.03850846950070721,-0.002243969577336465,0.0,88451.09745351433
44,2020-02-14,-0.014785219903674273,-2.4716445001272893,-0.17262729994081963,-0.016439583078868454,0.0,88451.09745351433
45,2020-02-15,-0.0071984420839470865,-0.7968952554704768,0.8836599374866724,-0.005389613507363247,0.0,88451.09745351433
46,2020-02-16,-0.004606387709597875,0.57707212718054,0.6523228784134196,-0.002623834930660865,0.0,88451.09745351433
47,2020-02-17,0.010571222262189157,-0.2030453860429927,-1.5763921569842494,0.006721155364828729,0.0,88451.09745351433
48,2020-02-18,0.003436182895684614,0.37114587337130883,1.4765403497258958,0.007310967276507775,0.0,88451.09745351433
49,2020-02-19,-0.01763040155362734,-0.6039851867158206,1.3800913541474515,-0.01451214391228167,0.0,88451.09745351433
50,2020-02-20,0.00324083969394795,0.08658978747289992,-0.6255627015095294,0.0018559988728612657,0.0,88451.09745351433
51,2020-02-21,-0.003850822804163165,-0.15567723539207948,0.39580353343740904,-0.0028839029655724803,0.0,88451.09745351433
52,2020-02-22,-0.006769220003059588,1.1677820616598074,0.4940301862827388,-0.004854920088717984,0.0,88451.09745351433
53,2020-02-23,0.006116762888408679,0.2544208433012131,0.2606737658239071,0.006974986166069719,0.0,88451.09745351433
54,2020-02-24,0.01030999522495951,0.3376026620752022,-0.5503051538454201,0.009242419846643861,0.0,88451.09745351433
55,2020-02-25,0.009312801191161986,-0.4118769661224674,-0.6716233679380516,0.007549116467333512,0.0,88451.09745351433
56,2020-02-26,-0.008392175232226386,-0.48760622407249354,-0.025554070991445278,-0.008626732585528691,0.0,88451.09745351433
57,2020-02-27,-0.003092123758512146,-0.4325581878196209,1.1727290192593647,-0.0003858694748212462,0.0,88451.09745351433
58,2020-02-28,0.0033126343140356396,0.39445214237829684,0.5436001545944323,0.0049332403967798895,0.0,88451.09745351433
59,2020-02-29,0.009755451271223592,-0.42098448082026296,-0.37061433208610595,0.008718216910516462,0.0,88451.09745351433
60,2020-03-01,-0.004791742378452899,0.2897748568964129,0.7716987106483447,-0.002673007138740181,-0.011888212598078292,87262.2761937065
61,2020-03-02,-0.0018565897666381712,2.075400798645439,-2.8485426206300755,-0.007577318567123196,-0.004724067718310924,86789.86942187541
62,2020-03-03,-0.011063349740060282,0.8711247034316923,1.1487657003721035,-0.007717177039821796,-0.027197492815273776,84070.12014034802
63,2020-03-04,-0.011962066240806708,-0.32602353216784113,-1.7397137787780996,-0.01627479360100872,-0.02832440182419677,81237.67995792835
64,2020-03-05,0.00812525822394198,1.2012139221639448,-0.36244094140313216,0.007976590459029782,0.018619422385318066,83099.62219646017
65,2020-03-06,0.01356240028570823,-0.4080753730215514,-1.1196698946261439,0.010712183472106857,0.03094744374858125,86194.36657131829
66,2020-03-07,-0.0007201012158033384,-2.038124535177854,-1.2946814757209058,-0.004868436662743853,-0.0016712251546958528,86027.2440558487
67,2020-03-08,0.010035328978920241,-1.008086310917404,1.1608267873785194,0.012404462859499683,0.022796080155859343,88306.85207143462
68,2020-03-09,0.0036163602504763414,-1.8707919210258557,-0.46770120131189136,0.0015668539205459311,0.008462141182019692,89153.0661896366
69,2020-03-10,-0.006451197546051243,-0.35151348404130867,0.3465038817307158,-0.00570892838009935,-0.014916797288975,87661.3864607391
70,2020-03-11,0.0036139560550841393,0.0184183791895517,-0.04692057887918407,0.0035984697651142493,0.009428311261732486,88604.21758691235
71,2020-03-12,0.015380365664659692,1.6764373122752827,0.47704082722312147,0.01752578005135994,0.03718078964889791,92322.29655180214
72,2020-03-13,-0.0003582603910995154,0.32692737376416264,0.07682189106025536,9.210701553951641e-05,-0.0008746221538320899,92234.83433641893
73,2020-03-14,0.01564643655814006,-0.21910052880886424,-1.2829922241885696,0.01250061250169501,0.036918726716453,95926.70700806424
74,2020-03-15,-0.026197451040897445,0.8294055811834892,0.99626681944714,-0.023244128737240414,-0.04971949331037466,90954.75767702676
75,2020-03-16,0.008219025043752238,-2.211135309007885,-0.4937565831613125,0.005923956532126698,0.01571737719108909,92526.49539613568
76,2020-03-17,0.0008704706823817123,0.23561455810856594,-1.556581898659751,-0.0026965572903077865,0.001691387483910762,92695.63414452675
77,2020-03-18,-0.0029900735046586744,0.7708651938869668,-0.4281151609659125,-0.0035287598998909103,-0.0059108728535453145,92104.54685917222
78,2020-03-19,0.0009176077653550229,-1.4785862457798415,1.5007597906343109,0.003860679438818488,0.001822045270122152,92286.75138618443
79,2020-03-20,-0.01987568914600893,1.143754043206929,0.8502217421134929,-0.017108858277100278,-0.03594233172079122,88692.51821410531
80,2020-03-21,-0.0021967188783751194,0.3384964074944141,-0.3486521344078592,-0.0027738821453413857,-0.004050344276816055,88287.4837864237
81,2020-03-22,0.003571125715117464,-0.4152879139008013,-0.3492577043184288,0.0025888297204029326,0.0065940134309962475,88946.88512952333
82,2020-03-23,0.014778940447415161,0.6327818661062848,-0.3216350512173826,0.014425011270480051,0.026185302915683682,91565.4154210917
83,2020-03-24,-0.0051827021827364735,2.270692857804396,2.076747983560841,0.0011675711535815139,-0.00938069476935488,90627.34594415622
84,2020-03-25,-0.008084936028931877,0.18186625505849516,0.38193545223155334,-0.006970950906509975,-0.014900693875271894,89137.27655662903
85,2020-03-26,-0.005017570435845366,0.24822058630033608,0.43004164719106963,-0.0037511735215093084,-0.009279397642045016,88209.33679242452
86,2020-03-27,0.009154021177020742,-0.4593608995402441,1.0302834540318422,0.011499838400999418,0.01728602797221464,89937.93958964599
87,2020-03-28,0.0032875110965968446,-0.8498443694647918,0.23878915902651351,0.0035012152423923976,0.0061994327906552465,90557.88286871152
88,2020-03-29,-0.005297602037670388,0.8303358165442456,-0.2590421458207031,-0.005393663577325273,-0.010138047606995538,89544.07810801196
89,2020-03-30,0.005132674331133561,-0.8560838259088672,-0.19634984908497827,0.0042858292085028935,0.009792142214553046,90523.29232946727
90,2020-03-31,0.0009707754934804039,0.07156623721939247,-0.07160125941406395,0.0009237867284983613,0.0018702352688315155,90710.31585635041
91,2020-04-01,0.009686449905328891,-0.4776574467651167,-0.03722223650984159,0.009428871433416648,0.018343464893150974,92544.66234566552
92,2020-04-02,-0.007020530938773524,0.47897982574639186,0.7276295436369798,-0.004907543806590206,-0.013881980408787003,91156.46430478682
93,2020-04-03,-0.003276621465977682,0.3336621052869483,0.05194588580729943,-0.002883085933917699,-0.006467270009279382,90509.73730385887
94,2020-04-04,-0.003921081531321576,1.0375399442578992,0.7326400772155792,-0.0014968045649158277,-0.008308453962936216,89678.89190756525
95,2020-04-05,-0.014635149481321186,-0.510016398854747,-0.08071658010858232,-0.015015729878525884,-0.035771611648022665,86101.73074276299
96,2020-04-06,0.0029612027706457603,-0.26987493529337125,0.07863519031609059,0.003096380239444196,0.007436454081883588,86845.37615095134
97,2020-04-07,0.002610552721798893,-0.9787637157823074,-1.9982006845321076,-0.0026797419680010454,0.006529541776848723,87498.33032863622
98,2020-04-08,5.11345664246089e-05,-0.4442932600761116,0.9163276747024814,0.0021281552614217662,0.00012801364356492464,87511.13169299271
99,2020-04-09,-0.002345871333751469,0.3773004930448522,0.3464884758979927,-0.001213350103097245,-0.005878552673840853,86923.27642560862
100,2020-04-10,-0.014153707420504142,0.7569886166453519,0.9980101098596522,-0.013289743863924532,0.0,100000.0
101,2020-04-11,-0.00420645322765359,-0.9221653241776254,-2.8962553781936893,-0.003101897632027727,0.0,100000.0
102,2020-04-12,-0.003427145165267695,0.8696059201056602,2.0883747047807275,-0.003203373652572472,0.0,100000.0
103,2020-04-13,-0.00802277269221619,1.355637858804951,-0.13958962815517376,-0.005343498317021898,0.0,100000.0
104,2020-04-14,-0.0016128571166600914,0.41343490322370086,1.1081828167375165,-0.0013822420864699951,0.0,100000.0
105,2020-04-15,0.004040508568145384,1.876795812558066,-1.0399059271255309,0.00823235675022295,0.0,100000.0
106,2020-04-16,0.0188618590121053,-0.773789199103573,0.6127739050625697,0.017563192669469038,0.0,100000.0
107,2020-04-17,0.0017457781283183897,-1.244654703311417,-1.0534155631736561,0.0009467038240673488,0.0,100000.0
108,2020-04-18,0.0025755039072276435,-1.7787202489042786,-0.6237689606958051,0.0005974083870975032,0.0,100000.0
109,2020-04-19,-0.0007444591576616722,1.496044311489183,1.9140313538667861,0.000614185574769866,0.0,100000.0
110,2020-04-20,-0.019187712152990415,0.6543656563540577,-0.19068240076334658,-0.01759354093725529,0.0,100000.0
111,2020-04-21,-0.00026513875449216877,-0.05558467091045507,0.21743287317972287,-0.00011558104555625627,0.0,100000.0
112,2020-04-22,0.0006023020994102644,0.2799686263198203,0.8700677306887542,0.0007982904617549198,0.0,100000.0
113,2020-04-23,0.024632421124852862,-1.1254890472983765,0.49568188797260465,0.02285839744845973,0.0,100000.0
114,2020-04-24,-0.0019236096478112252,2.4457519796168263,0.15041890514357642,0.002283946791782528,0.0,100000.0
115,2020-04-25,0.0030154734233361247,0.1292211819752275,0.3649610024662254,0.0033500894933824106,0.0,100000.0
116,2020-04-26,-0.0003471176970524331,0.10939479460489289,2.403415585238275,-0.0015784368477593058,0.0,100000.0
117,2020-04-27,-0.01168678037619532,0.725766623898692,-0.05761879703358539,-0.010078358338429245,0.0,100000.0
118,2020-04-28,0.011428228145150205,0.4810092317367132,0.2010990467149675,0.012449792831568749,0.0,100000.0
119,2020-04-29,0.0075193303268677415,0.22388402427913137,1.050654396007612,0.00748954959930008,0.0,100000.0
120,2020-04-30,0.00791031947043047,-0.7904744554453119,1.1055259329579838,0.006214068326679681,0.015663740012402987,101566.37400124028
121,2020-05-01,-0.009093874547947389,0.4714683571359957,1.1870303055603801,-0.008829621884771561,-0.018595043939974718,99706.86960724283
122,2020-05-02,0.014027943109360992,1.8820244964750337,0.6387302220291846,0.016964803006713707,0.027788187657553667,102485.68837299818
123,2020-05-03,-0.014018510627922809,1.3454200461549777,-1.1430049127304835,-0.010600422250714373,-0.026383487785296037,99847.33959446859
124,2020-05-04,0.005868570938002703,1.593186626639397,1.633431532301096,0.007594037467907683,0.01124094868131893,100971.43446260049
125,2020-05-05,0.021904556258099787,-0.5112156764311852,-1.146345393018688,0.02235051525529574,0.03891841050598604,104863.2755131991
126,2020-05-06,-0.009905363251306884,-0.9896048202585809,0.30263546523903323,-0.011316387992385308,-0.01706431811923881,103156.8437012752
127,2020-05-07,-0.005662977296027719,-0.12578692009964815,-0.7542758500193579,-0.004894573576837566,-0.01019808661324284,102137.03503995093
128,2020-05-08,0.000996513650876412,0.055724912288694604,-0.06413834659299254,0.0015363225975808525,0.0017945765510045538,102316.49269505139
129,2020-05-09,-0.005034756541161992,1.0941915184709485,0.3287624103034804,-0.0031268517123597267,-0.009001430795121824,101416.3496155392
130,2020-05-10,-0.015506634310661327,-1.6924646297148194,0.32135721545027307,-0.01805784923134913,-0.02639795626627648,98776.55398891155
131,2020-05-11,0.0006856297480602732,1.5295503194606137,0.42192075423528475,0.0032209404825755635,0.0012612800639084894,98902.6819953024
132,2020-05-12,-0.010623037137261048,-0.15800789857898942,1.613711269058647,-0.011688437752475678,-0.019016499969538126,97001.03199834858
133,2020-05-13,0.004735924306351816,-0.42688106994742003,0.45353430151397983,0.004112909276256249,0.008451787925850713,97846.21079093365
134,2020-05-14,-0.009194242342338031,-1.0121043752601675,-0.24415663529064868,-0.010229791627236114,-0.01840621097148297,96005.58969378535
135,2020-05-15,0.015499344050175395,-1.6548566718657693,0.9640871682883573,0.0125246556855176,0.029271704999377722,98932.76019372312
136,2020-05-16,-0.00783253292336237,0.8231705839619146,1.1894704889246406,-0.007006630509456486,-0.014632553791726446,97469.50481455048
137,2020-05-17,-0.0032206151620567556,0.07331796718840389,-1.2276078151369925,-0.0017769754517253907,-0.0060067550302097825,96868.82931152951
138,2020-05-18,0.008135172173696697,-1.2899608997410539,0.597400069849858,0.0060210823031735874,0.01540215372765451,98409.04468429496
139,2020-05-19,-0.012308643164339552,-1.295078772063616,0.7011727423108983,-0.014509033523247738,-0.023233266879481747,96085.7179963468
140,2020-05-20,0.002274599346041294,-0.3357846992901282,-0.29756350335999193,0.0024200268801946962,0.0,96085.7179963468
141,2020-05-21,0.01307142754282428,1.669021525289393,1.3757068133116195,0.008148661353994283,0.0,96085.7179963468
142,2020-05-22,-0.016074832345612276,-0.2595913513636048,-0.15005558703252672,-0.016128751938181793,0.0,96085.7179963468
143,2020-05-23,0.001846338585323042,-1.5031429531181062,0.12557645347154225,0.004830818746067042,0.0,96085.7179963468
144,2020-05-24,0.0025988279424842354,-0.24574306408594432,-0.1730718242838696,0.002512671923171252,0.0,96085.7179963468
145,2020-05-25,0.007818228717773103,-0.2727235697476705,0.015579047581467534,0.007783347404363019,0.0,96085.7179963468
146,2020-05-26,-0.01236950710878082,-2.6968866429415717,-1.0962750868952018,-0.006349133831111878,0.0,96085.7179963468
147,2020-05-27,-0.013204566130842763,-0.05429486651781221,-1.4400508825942944,-0.013660302252102742,0.0,96085.7179963468
148,2020-05-28,0.005219415656168977,-0.23093453020867796,1.5945050632249722,0.0049550815378033245,0.0,96085.7179963468
149,2020-05-29,0.0029698467323318605,0.6962063648134184,-0.8469613483183278,0.0006194974081242571,0.0,96085.7179963468
150,2020-05-30,0.0025049285034587656,1.8489560949453452,-0.9913923494563072,-0.0026708686830784595,0.0,96085.7179963468
151,2020-05-31,0.003464482094969757,1.1265650295477574,-2.153390113603715,0.0001597340749035078,0.0,96085.7179963468
152,2020-06-01,-0.006800247215784908,-0.26888869055483056,-0.6389617476895022,-0.006792082294417413,0.0,96085.7179963468
153,2020-06-02,0.0023225369716100355,-1.1065259087416703,-1.3230897934074983,0.0044470651299281525,0.0,96085.7179963468
154,2020-06-03,0.0029307247329868123,2.5733598032498604,1.642015160136369,-0.004239059675616627,0.0,96085.7179963468
155,2020-06-04,-0.007143514180263678,0.05921843401448826,1.0098170893426341,-0.008075059814515975,0.0,96085.7179963468
156,2020-06-05,0.018657745111447566,0.013929291912946203,-0.6881503451777238,0.017973811690870714,0.0,96085.7179963468
157,2020-06-06,0.004738329209117875,-0.024125087110003277,2.2524358053443088,0.003912260899216844,0.0,96085.7179963468
158,2020-06-07,-0.011913034972026487,0.19808476076785494,0.9817654869915943,-0.013184094809711657,0.0,96085.7179963468
159,2020-06-08,0.006565536086338297,-0.14436041192394247,-0.32483138350862245,0.006242036329052458,0.0,96085.7179963468
160,2020-06-09,-0.009746816702273214,-0.5736620068802363,-2.499405714873573,-0.008839395660208551,-0.021466519971004704,93939.0659992463
161,2020-06-10,0.00787084603742452,-0.5468589412403921,2.2909425725907417,0.00832818885046912,0.017050704604404162,95644.13645968672
162,2020-06-11,0.011585955790074041,-0.03275327021599839,-1.389572466763596,0.011073156104861379,0.025367924530017433,98180.92891268847
163,2020-06-12,-0.008206823183517105,-0.543424771133765,-1.6453987469568918,-0.007442297322006942,-0.019133250154389225,96267.60389724956
164,2020-06-13,0.009633761292443218,-0.7128457826771644,1.0225704320096403,0.010601318051839854,0.021888728194653657,98456.47671671491
165,2020-06-14,0.004127809269364983,0.10643022769189683,2.439752406339273,0.002965411699991146,0.009356619044722798,99392.1386211872
166,2020-06-15,0.0082206015999449,-0.2549772174208553,1.3842728185105182,0.00803229630738548,0.01860020574950157,101252.15919613735
167,2020-06-16,0.018967929826539474,1.5039929885826886,0.5639091200523596,0.014516408756861828,0.041656182780784964,105417.77747421585
168,2020-06-17,-0.002453881160028705,-2.650969808393012,0.594754341665286,0.003317891414747712,-0.005802329742824152,104837.54449993343
169,2020-06-18,-0.007537361643574896,1.0915068519224618,0.8534155587803077,-0.010996928296945856,-0.017236239162512226,103113.92058368221
170,2020-06-19,-0.008895144296255233,1.246085192497629,0.7589285897867651,-0.01272756683615295,-0.019581777894172613,101155.74279426495
171,2020-06-20,-0.008158102849654382,-2.0733902324081495,0.2811914239693758,-0.003782666714074583,-0.01746696055118247,99409.0467391467
172,2020-06-21,-0.000771017094141042,-0.34268759408034877,0.10420110395187607,-0.0006408162937933736,-0.0016512050338458254,99243.92623576212
173,2020-06-22,0.003411519748166439,-0.37144086599579146,-0.06259312789952241,0.0036258595109123714,0.007441509715342482,99988.07720729636
174,2020-06-23,0.0027669079933001907,-1.4075116947178212,-0.7539645888666763,0.005586556191970456,0.006033981945889848,100591.47540188536
175,2020-06-24,0.008271832490360238,-0.7778166875908753,-0.28067507686677406,0.009503789481141032,0.01782382671947231,102373.8580738326
176,2020-06-25,0.0001300189187790702,-1.1105758454658288,-1.6929568141953855,0.002294172090297566,0.0002870072686927638,102402.55880070185
177,2020-06-26,0.014535340771573169,1.7522704434236227,-0.09833962679474989,0.009525887079140153,0.03331676377603709,105734.23517830556
178,2020-06-27,-0.0026465683323795607,0.9356783931474612,-0.9885911071509175,-0.005574925016591126,-0.006041902344492486,105130.04494385632
179,2020-06-28,0.02720169166589619,1.2715550949941588,-1.103589317215771,0.023455930911261656,0.05542504374929326,110672.54931878565
180,2020-06-29,0.006256673477650062,0.7216720640432351,0.17989415115347845,0.003761312356874721,0.012754173357179847,111947.96665450365
181,2020-06-30,-0.008571575564162826,-1.1290517712172292,1.3920022863445993,-0.0066093182778895415,-0.0176105558094279,110186.91107356084
182,2020-07-01,-0.010708924980611123,-0.5245202662797737,0.918316606002313,-0.01019649603107816,-0.021075215535045638,108079.38952005627
183,2020-07-02,0.004824724152431853,0.48937456122791806,-1.570500603623177,0.0030414248588170882,0.009675526581693114,109046.9421782256
184,2020-07-03,-0.002234627853258509,-1.2221278088919454,-0.9896281365703375,0.00014766924076693028,-0.004589576250074916,108587.98455321809
185,2020-07-04,0.0071400049409209194,0.7129984301723881,0.9407711879882159,0.004604979676698702,0.01477683680517622,110065.66823373572
186,2020-07-05,0.004732376245735448,-0.24032539815813503,-0.9824873935383096,0.004697789677345543,0.009788188226477881,111044.4870563835
187,2020-07-06,-0.0007282891265687277,-0.3748208075495975,-0.2246331499970246,-0.0004926378471609039,-0.0015162893507354876,110892.85812130995
188,2020-07-07,-0.00846793718068405,0.7109599682034915,0.5500520990245519,-0.010966615846806471,-0.01869890569858936,109022.96755145102
189,2020-07-08,-0.015148472246858646,0.44426331148603976,-0.9683444548636353,-0.01686903216449135,-0.03126305597049836,105896.66195440119
190,2020-07-09,-0.004465149520670211,-0.3609661658190799,0.1053755061459599,-0.004290057549347065,-0.009312012114876365,104965.46074291355
191,2020-07-10,0.008563987943234723,1.159329803364248,-1.3340254949182044,0.005112902016971867,0.018029422163380174,106768.40295925156
192,2020-07-11,0.0021409374413020395,-1.0810633275998973,-0.6013676439512137,0.0041449285439376995,0.0046273031341955324,107231.13327267111
193,2020-07-12,-0.01245738778711988,0.6159356069442637,0.31978193414253697,-0.014703738096736585,-0.025555556826918704,104675.57758997925
194,2020-07-13,0.00173180925851182,0.5931012579683838,-1.5929937335316693,-0.0003049679015862715,0.0035572368258825703,105031.3012725675
195,2020-07-14,0.003853173797288368,-0.3095464393139903,0.440474737960399,0.0038748469517009432,0.007904707791070793,105821.77205167458
196,2020-07-15,-0.00883857436201133,0.326133022242118,-0.019637798926681216,-0.010344476050845298,-0.01796847220777699,104024.9248308969
197,2020-07-16,0.0015372510594552791,-1.251113576385303,0.5524899544171478,0.0038672304594343067,0.003124093659905754,104337.33419688746
198,2020-07-17,0.0005820871844599989,0.924027019206901,0.22391413406466143,-0.0024148188682182724,0.0012525377973770509,104462.58797662517
199,2020-07-18,-0.011429702978306231,-0.18490213644298903,1.3641404299738442,-0.011788855538447267,-0.023813471581606037,102081.24081846458
200,2020-07-19,0.003577873603482833,-0.5227230205190395,0.12522450264790727,0.0029919490699521515,0.0,100000.0
201,2020-07-20,0.0056078452636823435,1.0490092258368893,-0.429405541125253,0.0003136213271259262,0.0,100000.0
202,2020-07-21,0.01083051243175277,-0.7043436905427592,0.12229750303228377,0.010739466051088241,0.0,100000.0
203,2020-07-22,0.01053802052034903,-1.4084612963635597,0.5432980290363879,0.01268286676782629,0.0,100000.0
204,2020-07-23,-0.013776693679570911,-1.5566291735239037,0.04886007032570433,-0.011589259292013779,0.0,100000.0
205,2020-07-24,-0.009378250399151227,0.6060099513456396,0.04059169120388238,-0.013115201922861277,0.0,100000.0
206,2020-07-25,0.005150352672086598,-1.280429352496283,-0.7019916878067554,0.006030848998563869,0.0,100000.0
207,2020-07-26,0.005137859509122088,1.7547941819843647,-0.6629009175509482,-0.0022592013051798802,0.0,100000.0
208,2020-07-27,0.005150476863060479,-2.081929407883722,-1.4026052717996935,0.00771016022014116,0.0,100000.0
209,2020-07-28,0.03852731490654721,1.6964563682900382,1.7495767431869393,0.03306053069908318,0.0,100000.0
210,2020-07-29,0.0057089051069316695,0.2110174672026184,-1.243863235391285,0.002110176628980474,0.0,100000.0
211,2020-07-30,0.01135565640180599,-0.09671311187039239,-0.6929051977959073,0.009003442434656228,0.0,100000.0
212,2020-07-31,0.009540017634932023,-0.5449190868089497,-0.7184072655691974,0.008395655110014635,0.0,100000.0
213,2020-08-01,0.00651391251305798,0.39913611435207086,0.8949243769444413,0.003970129719106796,0.0,100000.0
214,2020-08-02,-0.003152692446403456,-0.037634702424848364,-0.2949496782920278,-0.005374503602745633,0.0,100000.0
215,2020-08-03,0.0075896922049326744,1.1033018820165215,1.2477420726737338,0.003377825758300499,0.0,100000.0
216,2020-08-04,-0.007728252145375718,0.11422764866203965,-0.6734906242438685,-0.010643481167026727,0.0,100000.0
217,2020-08-05,-0.0023681860674000885,0.1503017614618776,0.27899416222380197,-0.004683063775332607,0.0,100000.0
218,2020-08-06,-0.004853635478291035,-0.36361221221385587,-0.8353470532597573,-0.0065799931649602435,0.0,100000.0
219,2020-08-07,0.0008187413938632256,-0.056945623721067457,2.1451491277733883,0.0004406775730117742,0.0,100000.0
220,2020-08-08,0.023146585666735088,0.3078017688920592,-1.1875984190295128,0.019324290853218525,0.041020150279824044,104102.0150279824
221,2020-08-09,-0.01867265192591748,-1.7101683926566256,0.3098207102270275,-0.015873508319010004,-0.030053454092681155,101096.66961871428
222,2020-08-10,0.006862601903745135,-1.348185422105713,0.6337768809320985,0.008908902692849713,0.011035767507237905,102200.24636943807
223,2020-08-11,-0.016127158711896517,0.743264094022715,0.41379909745149823,-0.019965808329481836,-0.02464756062688982,99735.4903067491
224,2020-08-12,-0.004719318657894335,0.17086543812794186,-0.1852876588777083,-0.0074312290734932195,-0.007226072176575011,99012.8830890916
225,2020-08-13,0.010889505969673662,-0.18398333635267913,-0.12982069973342616,0.00918939088411452,0.01719896725056262,100732.77981414786
226,2020-08-14,0.0006428001909546277,0.01843393306539316,0.0438114719791096,-0.0014838170222663482,0.0010413094754940795,100836.91076169728
227,2020-08-15,-0.010777447779293061,0.34758170536167105,-0.14700200162848862,-0.013944863525562472,-0.016918207851257288,99145.08997657153
228,2020-08-16,-0.007153037092599682,-0.5397596803093615,0.9638791167949097,-0.0070768116087762305,-0.011073074091980557,98037.78256737348
229,2020-08-17,0.006795977489346758,-0.7783047254023127,2.2105230015913513,0.00843997893313303,0.010502254042240708,99088.00797159754
230,2020-08-18,-0.007303666317171367,0.19584525509768155,-0.5574917850078336,-0.010357114675491079,-0.014429927129285747,97645.01525866898
231,2020-08-19,0.002164585895819749,-0.978372777615032,-1.3698029795790778,0.0017283313174550916,0.004304129258907816,98075.42818455976
232,2020-08-20,0.00045571839903813785,0.40825275571447184,-0.08828204835125482,-0.0028346335677481246,0.0009369566398961556,98169.12384854938
233,2020-08-21,-0.0065160034760581706,-1.7025836042378404,2.5797093376543185,-0.0020716408966264897,-0.01365999556284954,96803.12429226442
234,2020-08-22,0.021439440893253257,1.0291556373256436,-0.8036745679697308,0.01592485539720446,0.04033403055749567,100836.52734801399
235,2020-08-23,0.006339190223180112,0.472597482413043,1.6391168054440675,0.004140568763994334,0.011838001449212652,102020.32749293526
236,2020-08-24,-0.02025142586657607,0.25602973431387566,1.6777008140764407,-0.021829065528790267,-0.03544098622764263,98476.22887017099
237,2020-08-25,0.0018645431476942765,0.9826909839455139,-0.5535882417079946,-0.003339336482253912,0.003285788822802294,98804.80775245122
238,2020-08-26,-0.00661786464768388,1.6654744444625766,0.5689830791852754,-0.0128663551399,-0.011594298556518513,97645.37789679937
239,2020-08-27,0.00852433334796224,1.0143700650181304,1.628396623128538,0.004835219199699236,0.014743095531530505,99119.68744995243
240,2020-08-28,-0.007925207384327006,-1.8408742313316453,-0.3791277409874871,-0.011519888571065668,0.0,99119.68744995243
241,2020-08-29,-0.0011473644146689902,-1.2795769667357015,-0.20358036010236177,-0.003622440261403218,0.0,99119.68744995243
242,2020-08-30,0.005049872789804571,-0.6248185776956788,-0.5816809139486437,0.004083666562945244,0.0,99119.68744995243
243,2020-08-31,0.008657551941701215,0.026091050210833786,-1.0147567306928669,0.009211250638490414,0.0,99119.68744995243
244,2020-09-01,-0.012002964070557762,0.517659020469123,-0.6492775450660071,-0.010542432074899027,0.0,99119.68744995243
245,2020-09-02,-0.0033450123584094836,-0.7257438131534656,-1.2239402667622565,-0.004300011763594669,0.0,99119.68744995243
246,2020-09-03,-0.004749453111609562,0.18676676447707832,0.03408346825922607,-0.00422276426058773,0.0,99119.68744995243
247,2020-09-04,-0.006533292325737119,-0.7553829323533225,-0.7699732310586418,-0.007708617049525364,0.0,99119.68744995243
248,2020-09-05,0.017654542402810967,-0.6115178029919482,0.2337859117907477,0.016432534638576624,0.0,99119.68744995243
249,2020-09-06,0.004049817109609556,-1.4066610968482223,-1.5558956462036273,0.0017780197618229784,0.0,99119.68744995243
250,2020-09-07,-0.012608839543350452,-0.9232332461109043,0.33088023221445706,-0.014520332854356197,0.0,99119.68744995243
251,2020-09-08,0.009178619470547761,-1.3516846056163336,0.8335289616089246,0.006190953617040206,0.0,99119.68744995243
252,2020-09-09,0.021221561970126333,-0.9758732529773327,-1.9937356425714554,0.0200082987530045,0.0,99119.68744995243
253,2020-09-10,0.01032465260551147,1.0536417966078395,0.37405656984757213,0.012556513526579714,0.0,99119.68744995243
254,2020-09-11,-0.015193699659540134,-0.949398888831943,1.2276689924732922,-0.01747231234775248,0.0,99119.68744995243
255,2020-09-12,-0.004842340728662514,2.632382064837391,-1.2096410186912054,0.001261540302139293,0.0,99119.68744995243
256,2020-09-13,0.012669111491866227,0.4933179008808892,1.6725723868377034,0.013270445245323307,0.0,99119.68744995243
257,2020-09-14,-0.007076694656187808,0.1848361236948739,0.4190190093660452,-0.006688023278430872,0.0,99119.68744995243
258,2020-09-15,0.004438194281462284,-0.8583577801812136,-0.7050118557584089,0.003023654424503329,0.0,99119.68744995243
259,2020-09-16,0.007746340534293367,0.7003098794089914,-0.05576907765770601,0.009384541653774624,0.0,99119.68744995243
260,2020-09-17,-0.00926930471578083,-0.5756378262377739,0.5583269125217224,-0.010528777774442218,-0.017958877439475954,97323.79970600482
261,2020-09-18,-0.0005952535606180008,0.12200981464536144,0.0760053914124115,-0.00021937039707518738,-0.0011745193705461942,97206.3477689502
262,2020-09-19,-0.03241267340069073,2.5600845382687947,0.5387559924463692,-0.02706930766882644,-0.05183634950190106,92022.7128187601
263,2020-09-20,-0.010243876413342899,-0.09605989972464987,-0.9206735930793662,-0.009979864282725924,-0.016234942445112494,90399.21857424885
264,2020-09-21,-0.002525681513931603,1.1492733262856758,0.169360824036078,-2.1425096149046887e-05,-0.004066478367904887,89992.57073745837
265,2020-09-22,-0.012477831819648495,-0.7031764251258874,-1.4137144969049802,-0.013319319633217103,-0.02005725534412598,87986.84520304576
266,2020-09-23,0.016324113039316353,-0.0349884904969617,-0.11122606134870032,0.0164349044086714,0.02504801919710815,90491.64712275658
267,2020-09-24,-0.014301413779606326,1.77080063563551,-0.9039076414647897,-0.010116273471828342,-0.021433038314849998,88348.34329127158
268,2020-09-25,-0.004400444866969838,-0.6269670577877674,-0.7355299425897666,-0.00531763147220741,-0.006612049951928877,87687.13829607869
269,2020-09-26,0.0013074057728609135,1.8124485579969287,1.2360931752104374,0.004835439465191098,0.0020717778313020015,87894.31607920889
270,2020-09-27,0.014412732890661155,0.7077519354554754,1.091310120594269,0.01566740853601445,0.02207491051869112,90101.807131078
271,2020-09-28,-0.014358621511794394,-0.5624667758942676,0.609138120907177,-0.015608071253548773,-0.02185682863357763,87916.12426772024
272,2020-09-29,0.011631637521549595,0.632407739055521,-1.092312764672579,0.013487719622730317,0.017559446274946468,89672.06889521488
273,2020-09-30,0.0001023306101958705,0.9725544496267299,-0.3164084496948019,0.002403902999445402,0.00016757488694677973,89688.82638390957
274,2020-10-01,-0.00981508651047951,0.6218099622171964,1.2130976999791834,-0.008783572488968643,-0.016415175073780756,88047.30887653149
275,2020-10-02,0.0046210347426327075,-1.5702247198904564,0.14171691363990474,0.0014144156370562867,0.007864615290739958,88833.77040560548
276,2020-10-03,0.0019905969557347004,-0.7271371758248686,2.319329539981694,-0.00020038006490259936,0.003381578464277046,89171.92825203319
277,2020-10-04,-0.006002168771587947,-0.24751863555150475,0.39331783939437187,-0.006514016692551535,-0.010618786529781597,88110.04959905503
278,2020-10-05,0.0006980208499001891,-0.07443342910004629,0.1920491164900316,0.0006203005352635375,0.0012366945740978008,88233.7190564648
279,2020-10-06,-0.003853135968617602,0.620672097550678,-0.3091164642025014,-0.0022942897546662662,-0.00689473689475432,87544.24536698939
280,2020-10-07,0.0011351734525124803,0.17770100093325383,0.1335409047822823,0.0016081814926813315,0.0020729435656718204,87751.53972355656
281,2020-10-08,0.006621306745210467,-1.3353443587101013,-0.1524698363805439,0.004011137245796704,0.01196991728534779,88948.53145209134
282,2020-10-09,0.01586016816145352,0.3801978510059632,0.7081086766885905,0.01655918289876238,0.02696348370665589,91644.87982275694
283,2020-10-10,-0.01237815498826849,0.6105857452838231,0.9567023167945841,-0.011281026455972318,-0.025269860071620062,89117.89381559491
284,2020-10-11,0.021330333746562666,0.5597904479310398,-0.7859894605079495,0.022927064999195165,0.04005056487013976,93122.9503026089
285,2020-10-12,-0.01952087799522502,1.0807807255546218,-1.331232953557778,-0.016638494675422652,-0.03387975507025544,89734.97479558336
286,2020-10-13,-0.0015178509503558332,0.8339221545489041,-1.8362053731032966,0.0010209913184847398,-0.0027163632463402883,89463.33847094933
287,2020-10-14,0.005883172064845765,0.4591800792284367,0.5079913269125437,0.00681796703385763,0.01104283004075345,90567.62147502467
288,2020-10-15,0.0028099186773503267,-0.07016571145864703,-1.1033666061738736,0.0031919761211824664,0.0055360654349237235,91121.22801851704
289,2020-10-16,-0.006226995198205938,-1.6609609335159914,-2.152890592952483,-0.008825962837362474,-0.01220299624739618,89900.92839377743
290,2020-10-17,-0.0020812225035727523,0.42961821913258585,0.3885786045309641,-0.001167055999480287,-0.0040718869682896215,89493.73969694845
291,2020-10-18,-0.004930009346588328,0.20768768716311115,2.4929995174327906,-0.005215008083956323,-0.010090692917389153,88484.67040520954
292,2020-10-19,-0.005893647569442115,0.27157883719537346,-0.006070911539893324,-0.005174581948046137,-0.012632924156188347,87221.3779895907
293,2020-10-20,0.008496020970210245,-1.2767485758203094,0.8384907744516419,0.005664257224817922,0.018552179951214758,89076.5959847122
294,2020-10-21,0.0035701548596504735,-1.0810565404082624,0.08182935854756501,0.001413347342765858,0.0077657710482036905,89853.17308953256
295,2020-10-22,-0.006929095952606542,1.0531528533329035,-0.09888965319114267,-0.0045336797429249825,-0.015295089074582555,88323.6641820743
296,2020-10-23,0.008995998754332508,-0.03955515385665504,0.9190764829877686,0.008738642075131456,0.01952080673012693,90275.74485508699
297,2020-10-24,0.003072995208766093,0.6815006973726244,-0.29027454418865134,0.00475323815581939,0.006659227399309905,90941.66759501798
298,2020-10-25,0.008128621188389602,0.028318376130461172,0.26739231407190295,0.008240821287632778,0.017572403529825798,92698.90794800056
299,2020-10-26,0.006296288419236122,0.02975613949574519,0.3216978061960136,0.0063926147311893335,0.013511965301961928,94050.10447819676
300,2020-10-27,-0.008289950109220724,0.9382838059759977,-0.6680904536430488,-0.009600679744806412,0.0,100000.0
301,2020-10-28,-0.005601810401969696,-0.5160447282173739,0.9920423495365228,-0.00790840182262486,0.0,100000.0
302,2020-10-29,0.007472936051232618,0.09612077694098337,-0.17495975669540864,0.006015272738844125,0.0,100000.0
303,2020-10-30,0.006103702654334648,-0.4622752887050425,-0.7557451594928447,0.005381795810067624,0.0,100000.0
304,2020-10-31,-0.00020901593964148133,-0.4344962274323156,0.5365098435704035,-0.0021270983388455207,0.0,100000.0
305,2020-11-01,0.00117327383308782,-0.30917212346863937,-0.8984679817910373,0.0005267919512120659,0.0,100000.0
306,2020-11-02,0.01277664895788425,0.22213377163371284,0.028181157369128247,0.011086793680953779,0.0,100000.0
307,2020-11-03,-0.0059157138883583,-0.4787486216634773,-0.009118996644203544,-0.007316929921264301,0.0,100000.0
308,2020-11-04,0.005470973811700379,1.2557561255735208,1.085895565831578,0.002435118508584615,0.0,100000.0
309,2020-11-05,-0.0020219265243389406,-0.8946073022195039,0.4746982328799528,-0.003716266094466445,0.0,100000.0
310,2020-11-06,-0.002176812032272203,-0.18687164416135904,-0.025026958745143917,-0.003669371294018767,0.0,100000.0
311,2020-11-07,0.010987768519871901,-0.4397310582741749,0.8177662992002871,0.008813435833612774,0.0,100000.0
312,2020-11-08,0.008254163489880298,1.4469778843537329,1.3902075490173134,0.004869587447239209,0.0,100000.0
313,2020-11-09,0.008135096360006385,0.19655477651157463,0.5578103063518622,0.005968407096437725,0.0,100000.0
314,2020-11-10,0.01305478807154329,1.0318445394686349,0.010352619843380607,0.011087391181021254,0.0,100000.0
315,2020-11-11,0.0002100384163275905,-1.485560373036972,-1.3118362323501596,0.0003699659263958991,0.0,100000.0
316,2020-11-12,0.006819529712949639,0.26705026586925884,-1.0651136630753726,0.006116848243149018,0.0,100000.0
317,2020-11-13,-0.0031026675659345604,0.889630795623437,-0.30522470435466764,-0.00472879258473982,0.0,100000.0
318,2020-11-14,0.003241663524884421,0.08228398927542419,-0.6095122021592831,0.002187875307234478,0.0,100000.0
319,2020-11-15,-0.0013014305436768459,1.0654803750653512,-0.186971302985446,-0.003099923253562893,0.0,100000.0
320,2020-11-16,0.0009699596499271819,-0.5172884501003722,0.056649924897107164,-0.000477633164338121,0.003112742694300474,100311.27426943005
321,2020-11-17,0.005951570254369137,1.40934744018558,0.5296927543567308,0.0033704741100942185,0.020755037097478748,102386.77797917792
322,2020-11-18,-0.008182206832334725,2.2988981236192503,-0.07049877805909122,-0.010535304405073866,-0.027458765743292934,99640.90140484863
323,2020-11-19,0.020923872756854603,-0.36283856043965906,0.4865016438262019,0.019025680230392604,0.05927210823689538,105568.11222853817
324,2020-11-20,-0.01006017381499702,-0.4455025214007718,0.06447441481012024,-0.011541004875267553,-0.026267974948886788,102941.31473364949
325,2020-11-21,-0.012141886127877321,1.453384477117701,-1.9754665663538713,-0.01243961359509007,-0.0291511678507584,100026.19794857365
326,2020-11-22,0.011581108735000678,1.5795721457307124,-0.9393353938187543,0.01028656826028316,0.02708279661888477,102734.47761046213
327,2020-11-23,0.007916626939629358,-0.5228600271532683,-0.14408755572161547,0.006655302775274997,0.01898857476607354,104633.33508706948
328,2020-11-24,0.006241198170521552,-0.42018681709585726,-1.2096947428411076,0.00592067050595081,0.015367082995041784,106170.04338657366
329,2020-11-25,0.006283455092642799,-0.2817846088605072,0.5999287299962045,0.004251733221284597,0.015447484452787057,107714.79183185236
330,2020-11-26,-0.00012246772846914624,-1.344450511034277,1.5307508323436974,-0.002622819810273516,-0.00030305412864228696,107684.48641898813
331,2020-11-27,-0.008972543714858316,-0.9186519464841982,1.2187618516973167,-0.01134109224674371,-0.021240296887834065,105560.45673020474
332,2020-11-28,0.0007580455819372633,-1.0041407667520679,-0.213442870930208,-0.000264927708644668,0.001833542508749036,105743.81098107963
333,2020-11-29,-0.006771617115121117,-0.7677975651041284,1.490726136849952,-0.009444543763134215,-0.01610024040305894,104133.78694077373
334,2020-11-30,0.009751197334177512,-0.03468488738678118,0.14866745720211155,0.008043973044434171,0.02300313444927632,106434.10038570139
335,2020-12-01,-0.0014705738150213865,0.23421473253652075,-0.33708597111803934,-0.002829554837872309,-0.0036219233115720563,106071.90805454417
336,2020-12-02,-0.008254971967925115,1.5505004928140769,-0.6134026635409398,-0.009838116524376174,-0.019687494275063545,104103.1586270378
337,2020-12-03,-0.0032138584165299342,-0.998354040738791,-0.30246968648812833,-0.004157219150249145,-0.007724925650598209,103330.66606197799
338,2020-12-04,0.004129314542756243,0.9843223984765838,-0.38817681854122876,0.0025449561076559737,0.009932411827938867,104323.90724477188
339,2020-12-05,-0.005637245528039747,-0.21398884422550896,0.1704162223754877,-0.007299348844730738,-0.013404758613242442,102983.43138344763
340,2020-12-06,-0.008222203955664314,-0.04946370965243295,0.1605739810498646,-0.010113626525972908,0.0,102983.43138344763
341,2020-12-07,0.002436872114919123,0.6748194921666038,0.0030460201534144695,0.002926198824327637,0.0,102983.43138344763
342,2020-12-08,0.002449665711087228,-1.1227220215622986,0.43693816974634986,-0.0029671163947972462,0.0,102983.43138344763
343,2020-12-09,-0.0050694317537112975,0.3824097461840506,1.1906462747863413,-0.005476199187458232,0.0,102983.43138344763
344,2020-12-10,-0.004710383056183228,0.1664522082130561,0.9495541354413237,-0.005843687994860114,0.0,102983.43138344763
345,2020-12-11,0.0023204993735763627,0.4924512640081491,-1.4848979684499035,0.0021219402121896705,0.0,102983.43138344763
346,2020-12-12,-0.014480843414973242,0.2891686439078181,-2.553921134901955,-0.015412046766544863,0.0,102983.43138344763
347,2020-12-13,-0.014074637743765552,2.4553001399108942,0.9343199112392737,-0.0076564668010075995,0.0,102983.43138344763
348,2020-12-14,-0.00718444221252436,-0.637739984251316,-1.366878698415421,-0.011105385346924911,0.0,102983.43138344763
349,2020-12-15,-0.0021344715171184724,-0.5309969550018176,-0.22476540189268354,-0.005637084448424949,0.0,102983.43138344763
350,2020-12-16,0.0031090756559800457,-0.6231405264247644,-1.1701130260593595,-0.0007523037839680365,0.0,102983.43138344763
351,2020-12-17,0.01475356216949552,-0.5554771191602547,-1.8019804375800197,0.01107886807125368,0.0,102983.43138344763
352,2020-12-18,0.008576596232020194,-0.6373871273065177,0.541462728204788,0.004767292049459673,0.0,102983.43138344763
353,2020-12-19,-0.0015993852996342712,1.1890165311075518,0.7591551603026468,0.0006303743072383395,0.0,102983.43138344763
354,2020-12-20,-0.0001901620790268883,1.4205042479898549,-0.5765104007267194,0.002726099783021574,0.0,102983.43138344763
355,2020-12-21,-0.010025293646378088,-0.5707462937494763,-2.59104229214491,-0.01379604952293891,0.0,102983.43138344763
356,2020-12-22,-0.0001851313599238993,-0.8323555731042287,-0.5462444482524828,-0.004700727634980194,0.0,102983.43138344763
357,2020-12-23,-0.0028865863892013834,0.4714155563864041,0.3918040054025465,-0.003045912629409902,0.0,102983.43138344763
358,2020-12-24,0.0032271856033808948,-0.5522230442809712,-1.4789115687741288,-0.0004180686556502478,0.0,102983.43138344763
359,2020-12-25,-0.008272309435523229,0.6329318177555108,0.18335991977915564,-0.007910758227869456,0.0,102983.43138344763
360,2020-12-26,0.005193465142411723,0.2029230208512997,-0.015309849172995557,0.004124644130227751,0.014336172010899982,104417.04858453762
361,2020-12-27,0.015327389130025777,-1.515744114997232,0.5792914996010884,0.008622019310127698,0.038413048700242085,108258.35345456183
362,2020-12-28,-0.001087601484568576,1.5475052013300616,0.11958036841415326,0.0022880138684579837,-0.002736316887938951,107984.72176576794
363,2020-12-29,0.004017117220989415,1.7958776730955217,-0.9730689408815555,0.008149016629517515,0.010056936395674938,108990.41540533543
364,2020-12-30,0.006901439917111125,-0.6127886904843862,1.1965715016644913,0.0032112260550942132,0.01706115532919832,110696.53093825527
365,2020-12-31,-0.004012204718858363,-0.38770155993598415,-0.15852957302697002,-0.007038161040260306,-0.009941010221721079,109702.42991608317
366,2021-01-01,0.002240924818104168,0.28586539072490497,-0.02730453950993186,0.0014450887957708981,0.005553140776142955,110257.74399369746
367,2021-01-02,0.0001259240078179486,0.334456789987025,-0.933267959073196,-0.0005620248249574999,0.0003416469930496128,110291.90869300242
368,2021-01-03,0.0009767609854883172,0.6585442726728304,-0.4432822511915103,0.0013865473228900065,0.002975752172166202,110589.48391021903
369,2021-01-04,-0.007730097838554665,2.0102045387663496,-0.8848027140269009,-0.002885888698567575,-0.023421143412388986,108247.36956898014
370,2021-01-05,0.00024510174258942713,-0.1769472274940494,-0.172946059923423,-0.002086277238949433,0.0007472401865513294,108322.09358763527
371,2021-01-06,0.004979982912454497,-0.7982972445384537,1.7117084801423434,0.0007074804208118159,0.015096288513513155,109831.72243898657
372,2021-01-07,0.014511436077950418,-1.3793192280145272,-1.3719011429313563,0.008143262967453428,0.044152046431955215,114246.92708218211
373,2021-01-08,0.00959270826085207,-0.7309300399419191,-1.6135613978767411,0.005349991597726773,0.028928576706692008,117139.78475285132
374,2021-01-09,0.021531824575115564,-0.033126972873797095,1.4711703274936085,0.01977017818808545,0.054554997829765,122595.28453582781
375,2021-01-10,-0.007673475628880495,1.7945578635177877,-0.20932367715186612,-0.0035017175865769377,-0.018740940367681855,120721.19049905962
376,2021-01-11,0.008723206367206781,-0.5176112990361714,-0.6690727386599166,0.0052390400552819755,0.022373414114109823,122958.53191047061
377,2021-01-12,0.0018334200573835175,0.2237879516388985,1.0399046873960764,0.0008945324503378462,0.004720871436782384,123430.61905414885
378,2021-01-13,0.021898029332176723,-0.016422896072752075,-0.6056155397368641,0.020071274295529358,0.05076459201711594,128507.07825586043
379,2021-01-14,-0.008082982853551515,1.188393273448084,1.8260097135469362,-0.005793519128519893,-0.017868015366624444,126720.276719198
380,2021-01-15,-0.00839721842180776,2.5269324258736217,0.6779258713392691,-0.0017575299902133322,-0.018545400505827075,124865.7366686153
381,2021-01-16,-0.005993926454440222,-0.5308687729203206,-0.48791140814570266,-0.009511350060184876,-0.012890950457747364,123576.64162284054
382,2021-01-17,-0.02123895724309807,-0.48943944251822213,2.1573082132655035,-0.02446654644094964,-0.041203753068274326,119456.26631601312
383,2021-01-18,-0.005257550216807611,1.044160877069072,-0.6057149230033384,-0.0035847739613962025,-0.010107668881451199,118445.499427868
384,2021-01-19,-0.00759132661553698,0.6818914896263114,0.742095372009307,-0.007035881046562266,-0.01437248233634897,117008.2511942331
385,2021-01-20,0.0015039378647620763,1.8467073257360336,0.2992925804064919,0.0058772139850062615,0.0028717394652402403,117295.42514075713
386,2021-01-21,0.0034175597577715943,0.5839281853259639,1.301741289398798,0.003682160518418756,0.006549189647390461,117950.34410549619
387,2021-01-22,0.018761708392158863,-0.35929209078705954,1.5615111967268527,0.015929066740715928,0.03368637816932888,121318.98192242907
388,2021-01-23,0.009504238381860503,0.5906548306923093,0.032004149065766624,0.009717529008203513,0.016882528929172465,123007.2348153463
389,2021-01-24,-0.005769036556624031,1.1087035805829077,-0.7534178703461835,-0.00389184366032606,-0.010129655042989549,121994.26931104735
390,2021-01-25,-0.00898414671348358,0.820482181197364,0.4599721429391164,-0.007987734974861055,-0.01569796439682144,120424.47287136521
391,2021-01-26,0.004919191715065057,0.5072740311072977,-0.6777153697521061,0.004816270368357132,0.00858480955065864,121282.95382643107
392,2021-01-27,-0.013202332070206421,1.066674689589154,2.013387247526623,-0.011303647620601064,-0.022183511356275065,119064.60269080357
393,2021-01-28,0.018314587658543536,1.1692955904456728,0.13653533108273744,0.02044323168943249,0.0301650616300998,122081.10885381354
394,2021-01-29,0.01179440120721287,1.3821589910375272,-0.3653215513121087,0.01459636360775314,0.019292250626704966,124010.33391648404
395,2021-01-30,-0.004691756521047048,0.6487098875896427,0.1846803058649084,-0.00427806703836493,-0.008244751914679256,123185.85872501612
396,2021-01-31,-0.017131345290908775,-0.16711808031685435,-1.3471262895296965,-0.019498265461863687,-0.028831983623454092,120302.66036267072
397,2021-02-01,0.013538723741654128,0.14671368643332283,-0.9716140385106515,0.012229071729292766,0.022359417203444778,122538.6020830152
398,2021-02-02,-0.0011453984525261788,1.2065089665083568,1.2004139079444254,0.0011676244151629896,-0.001892519682940305,122349.35011472116
399,2021-02-03,0.012378163119734617,-0.8169356709872361,-0.6568942789713957,0.007907041296816061,0.02172831251910844,124522.181366632
400,2021-02-04,-0.01594427658794367,0.3686733088729012,-1.0469109826819396,-0.018271143288405896,0.0,100000.0
401,2021-02-05,-0.005993750229537729,-0.3933388123273607,0.5366527525272862,-0.006315900067263421,0.0,100000.0
402,2021-02-06,5.243699718183166e-05,0.028744822934817487,1.185704154662997,0.0008466301461846983,0.0,100000.0
403,2021-02-07,0.00046980593764742054,1.2784518626072987,0.7189533106650667,0.001084429345169521,0.0,100000.0
404,2021-02-08,-0.004500654714792437,0.19109906801990334,0.9960476858058164,-0.003918032898027611,0.0,100000.0
405,2021-02-09,0.0062284993234749874,0.04643654815614881,-0.7567950885694608,0.004195625857318272,0.0,100000.0
406,2021-02-10,-0.010676204293825944,-1.3598561409799192,-1.4218106667418438,-0.014243618132039332,0.0,100000.0
407,2021-02-11,-0.001423794850212935,0.7462535660272207,1.5013336519554867,0.00011880533083855841,0.0,100000.0
408,2021-02-12,0.0012029563171189887,0.6454841811410754,-0.32267983884213575,4.3832714942826454e-05,0.0,100000.0
409,2021-02-13,0.00514438834058749,2.16325472330546,-0.25083301645504735,0.004699083421318991,0.0,100000.0
410,2021-02-14,0.007116148780888898,-0.30777823495300083,1.328194141849058,0.007983212241943316,0.0,100000.0
411,2021-02-15,-0.011246420918378693,0.21915032766393897,0.5562300094006599,-0.011294251100584808,0.0,100000.0
412,2021-02-16,-0.015341141707356223,0.24938368371075526,0.45588777208160763,-0.01552324338825142,0.0,100000.0
413,2021-02-17,0.012776768218985091,1.5774532797634744,2.165002344901084,0.015621192661214294,0.0,100000.0
414,2021-02-18,0.0033231401197959167,-0.0952955323869521,-0.643518230380143,0.0013986722801650024,0.0,100000.0
415,2021-02-19,-0.0074848653655655364,0.27902152577033923,0.9278401280812372,-0.006966482334840618,0.0,100000.0
416,2021-02-20,0.01551151975522523,0.6078965097165392,0.0570131248970845,0.014891297973370942,0.0,100000.0
417,2021-02-21,0.0011567463429285867,0.1866091231563581,0.26859227886325693,0.0006761871248254744,0.0,100000.0
418,2021-02-22,0.011792971840638265,-0.44643361455052827,1.5284684264125317,0.01289660730876635,0.0,100000.0
419,2021-02-23,0.0006751848141010895,0.19408999289830758,0.5078357562896237,0.0005466907125785274,0.0,100000.0
420,2021-02-24,0.020607479248819872,1.073631749859772,0.538296079049633,0.020876336023836456,0.04191603592711701,104191.60359271169
421,2021-02-25,0.017553408424432045,-1.0265152994110602,1.0725073373098022,0.01775903020565403,0.03610228496370655,107801.83208908237
422,2021-02-26,-0.002489641484790735,0.132969674146876,-0.3649527295428853,-0.003916084423714787,-0.005183873403801492,107283.4447487022
423,2021-02-27,0.009715709509543554,-0.7001208149391732,-0.8392096673390064,0.007263041143454708,0.01999541835029963,109282.98658373217
424,2021-02-28,0.006453759495851475,1.1950466289248425,-1.0448091940210336,0.004461534346715692,0.013262979353415371,110609.2845190737
425,2021-03-01,0.013686315575323486,-1.5231869047837747,-1.9663565893760018,0.009258857710689126,0.02785697707952877,113394.98222702657
426,2021-03-02,-0.009649234605801044,-0.5589218472715883,2.056207129940322,-0.007820747283529415,-0.018829722044595144,111512.01002256708
427,2021-03-03,0.006860514599984393,0.37721187506452086,-1.1032083657216831,0.004454934335660599,0.014058961809015199,112917.90620346859
428,2021-03-04,0.010584244868495877,1.5655240292343404,-0.221253623585772,0.00994226303112769,0.021662300449444366,115084.13624841302
429,2021-03-05,-0.017587394864231144,-0.0657502610729878,-0.27681329988892067,-0.018964974318771113,-0.03227045560934058,111857.09068747898
430,2021-03-06,-0.011832585126657752,-0.5551995266931984,0.30740669780910074,-0.012554157084039955,-0.020739742663276668,109783.11642115131
431,2021-03-07,-0.020392321777601006,1.8811570694405901,0.8157372125392968,-0.019394657596310694,-0.03277968298324327,106505.14812282697
432,2021-03-08,-0.0026940683444455775,-1.448013900416244,0.8604734883597454,-0.002966932956233591,-0.004440178692087886,106061.13025361819
433,2021-03-09,0.007175422557959623,-2.198805956620082,-0.5830774385689385,0.004495124731959732,0.012480318287802583,107309.16208239844
434,2021-03-10,0.015023570520960282,0.4400144500533324,-0.1671217137864115,0.014008968027051675,0.0258960058922542,109898.76267162386
435,2021-03-11,0.0007409478041977518,-0.5020542243526112,0.28257995048829965,4.476952117161374e-06,0.0012757667056241969,110026.33934218629
436,2021-03-12,0.01628615545571292,-1.0212328171307132,-0.24869112618354708,0.014566228189058915,0.027865381316667104,112812.877473853
437,2021-03-13,-0.013801014582148914,0.7083564472993533,1.6073455760199926,-0.01211894567454797,-0.0229593368396549,110516.9437898875
438,2021-03-14,-0.017033824393551545,0.24380071377119883,0.49097495163825133,-0.01716697293341431,-0.026653583895938998,107851.58540029361
439,2021-03-15,-0.0005554769889661878,-0.5640786307367284,0.7348777860498175,-0.0006569183359876196,-0.0008823779034043254,107763.34760995317
440,2021-03-16,0.0038406544893930727,-1.2803043986708944,0.6628812686674127,0.0020730318357368156,0.0,107763.34760995317
441,2021-03-17,-0.00032694748094093114,0.8724573282801447,1.173473857485325,0.003436561785116657,0.0,107763.34760995317
442,2021-03-18,-0.020674421000398766,0.650201177958661,0.18102155870370695,-0.017744932008599754,0.0,107763.34760995317
443,2021-03-19,-0.0008912003951278841,-0.09917586377938291,-1.2968319479558466,-0.00025092070969080814,0.0,107763.34760995317
444,2021-03-20,-0.013044695005048533,1.8466369960476658,0.3996879517526416,-0.007059399224080193,0.0,107763.34760995317
445,2021-03-21,0.006696725488300384,-1.0700847663261526,-0.651356893791829,0.005087499093387074,0.0,107763.34760995317
446,2021-03-22,0.0036659824609684825,-1.5255251709247388,-0.5286166817497568,0.0009511599637046213,0.0,107763.34760995317
447,2021-03-23,-0.009398797863273552,-0.6919080698812444,0.5863640187550933,-0.009715107844362273,0.0,107763.34760995317
448,2021-03-24,-0.005138669173366936,-0.045586016355497805,1.2382830714336357,-0.0036548380431342276,0.0,107763.34760995317
449,2021-03-25,-0.010592135218889515,0.24333944932269183,0.02127157673606165,-0.008725703658506428,0.0,107763.34760995317
450,2021-03-26,-0.0006267909727317187,-0.24123605785632987,0.3088330125989638,0.0001072439278521827,0.0,107763.34760995317
451,2021-03-27,0.009551423205012382,0.3520553965142968,1.702214944635238,0.01216035513735558,0.0,107763.34760995317
452,2021-03-28,-0.009857260463355437,-1.251539424190444,0.24075317948856828,-0.011671012941529285,0.0,107763.34760995317
453,2021-03-29,0.005040465155178444,1.4437646040732595,2.601683114180395,0.010633592184296029,0.0,107763.34760995317
454,2021-03-30,-0.005302576183724408,-0.0821511783925688,0.5655096456315442,-0.004098532598427466,0.0,107763.34760995317
455,2021-03-31,-0.007928728322623441,1.1172958315881276,-1.7607627591558177,-0.00437350902833966,0.0,107763.34760995317
456,2021-04-01,-0.0010703035995455782,0.34272534637770413,0.7533416211045325,0.0012497458829413873,0.0,107763.34760995317
457,2021-04-02,-0.010352423224193741,0.4567532191537839,0.38115838488277776,-0.007851118605786814,0.0,107763.34760995317
458,2021-04-03,-0.005536493053471821,0.5697672802322039,1.2897527540827456,-0.002498061905731277,0.0,107763.34760995317
459,2021-04-04,-0.011978778925888485,0.44770856001731496,0.6731813512699584,-0.009418393794050697,0.0,107763.34760995317
460,2021-04-05,0.01964725132916389,0.6427227598675439,-0.13845598398377382,0.022468620610153263,0.04293290683896609,112056.63829384977
461,2021-04-06,0.0003526355197172861,1.3291525301324314,-1.2242982362893657,0.004588243575363025,0.0007791217836759175,112134.55047221736
462,2021-04-07,-0.006997255079925856,0.19652116970147013,-0.20902325728602528,-0.005312452214179735,-0.015442551681029709,110590.29530411442
463,2021-04-08,0.00213979910734222,0.7090037575885123,-0.8505204542093001,0.004927804279184424,0.005196269930769064,111109.92229719133
464,2021-04-09,-0.0011232804969082983,-0.08973569428722672,-0.5805234498047227,-0.00025892297225316857,-0.0027284447095458015,110837.07782623672
465,2021-04-10,-0.0022096959953322296,1.4401172154494728,0.5885784044206096,0.0028109607112880293,-0.005615888409078768,110275.48898532886
466,2021-04-11,0.006141667000434252,-0.6763923020592697,1.6699045043514062,0.006167406843997079,0.01566788805802508,111842.27779113136
467,2021-04-12,0.007575077100473051,1.8009404329108156,0.3946715298229811,0.01344459300994495,0.018879181451381143,113730.19593626948
468,2021-04-13,-0.005305011476105275,-0.04015795064434341,-1.1958830620351844,-0.004488763832577027,-0.013465846082447906,112383.61132802468
469,2021-04-14,-0.0057581824064468,-1.4307751021180481,0.4446026682201407,-0.007963507727168997,-0.014588253582180456,110924.78596980663
470,2021-04-15,-0.00275051697151644,0.12810441491078928,1.196631486645651,-0.000843603490873584,-0.007209647478755357,110203.82122193111
471,2021-04-16,-0.023019211647355847,-0.6810516574748808,-0.6097829043193822,-0.023643074717761156,-0.051252118472260064,105078.6093747051
472,2021-04-17,-0.015151910621985523,0.8406435489887241,-0.1340171666729177,-0.011833913882821439,-0.033792030438476055,101699.4063308575
473,2021-04-18,0.013668742674445247,-0.6526239793023909,0.014688194729197093,0.013290782679118856,0.028530159476579477,104552.42227851544
474,2021-04-19,0.016449677135012837,-0.4461834332147797,-0.78489831308224,0.01636467309868951,0.0318832645309143,107740.74873160686
475,2021-04-20,-0.002490360395563783,-1.889540730945531,0.648280433843859,-0.005786955360889743,-0.004840524901270233,107256.69624147985
476,2021-04-21,0.005765569630557664,-0.4523063192490767,-0.12094814860778157,0.0058510381280979734,0.01118544429232245,108375.2406707121
477,2021-04-22,0.003112501545435361,-2.4238793266289567,0.41953244390702776,-0.0015855269295866727,0.006015116759260758,108976.75234663817
478,2021-04-23,0.030788808084552376,-1.5839028234857233,-0.8874921778021001,0.027827442769384043,0.05051412249482812,114028.16459612097
479,2021-04-24,0.011195749114345767,0.7604146561442974,-0.43745830032341043,0.01422802311523913,0.018233399554328282,115851.5045515538
480,2021-04-25,-0.0012791759148076654,0.7858001586508322,0.7223813578277714,0.0021412026653799456,-0.0021514390035616104,115636.36065119764
481,2021-04-26,-0.009555404406004258,0.42545756178496474,-0.372833152091767,-0.007343425869105447,-0.016653007611336944,113971.05989006396
482,2021-04-27,-0.016064463202575725,-0.966976143129213,1.7269638512334051,-0.016750072097480577,-0.026623279400542682,111308.73195000968
483,2021-04-28,0.002034636358672231,-0.047711356141979855,-0.39963618561460235,0.003054797530779113,0.0034031335034202,111649.04530035172
484,2021-04-29,-0.007563507452843034,-0.0036025390905684044,0.22468472575188592,-0.0062582361688467425,-0.012517413225490655,110397.30397780263
485,2021-04-30,-0.01422253709597674,-1.1583646891925428,0.9325908318730899,-0.015609476373847844,-0.02277702099537613,108119.60187826504
486,2021-05-01,-0.006465728842425265,1.5033983017671506,-1.4183657329330317,-0.0018483000540009406,-0.010301073029851601,107089.49457527988
487,2021-05-02,-0.01081548003614395,0.8773622905756714,-1.7608088119807759,-0.007860814647849688,-0.01711000337274832,105378.49423800503
488,2021-05-03,0.016871416350725647,-0.22096417382966393,-1.5256563145700948,0.01714283279427028,0.02570579178157767,107949.0734161628
489,2021-05-04,0.008816397569494505,0.02688583899453078,1.262584103427182,0.010488422264339485,0.01330282870687319,109279.35628685013
490,2021-05-05,-7.972641316617372e-05,0.20838280794755248,-0.5518581458924467,0.0015388276357109815,-0.00012083483982616318,109267.2728028675
491,2021-05-06,0.01479944138890026,-2.0417348684242906,2.5581992856682523,0.011656378395824635,0.021818496998667978,111449.12250273432
492,2021-05-07,0.0007736830764761831,-0.24717738252059693,-0.5642475986573886,0.0012485269307611043,0.0012456089769773313,111573.68340043203
493,2021-05-08,-0.008612842013282636,-0.6819842479977986,0.18455130319703697,-0.009016755239317591,-0.01429605713852447,110144.07768657959
494,2021-05-09,0.015231240772696573,-1.0016200098949155,1.5421099525678756,0.014407191150630824,0.025117693944855527,112655.84708106513
495,2021-05-10,0.005389100436846587,-0.2811002928859549,2.006092888159123,0.0064983132991337615,0.00919898872231583,113575.74595329672
496,2021-05-11,-0.010372461543264565,1.7976865268495226,2.061503576636398,-0.004044648777588618,-0.017310570259891703,111844.68892730755
497,2021-05-12,-0.001903386780836082,0.6408428612670098,1.2083662305931424,0.0012901678462631377,-0.00318248584924207,111526.44034238334
498,2021-05-13,-0.008756182533847572,-0.5711789897827968,1.0240625258114624,-0.008647829765487633,-0.014427168123899882,110083.72352999337
499,2021-05-14,-0.013827997309643361,0.5725827813561586,0.5925269492011831,-0.010977628660068413,-0.02674419573083495,107409.30395690986
